ship_type,ship_id,ship_name
Cargo,2006,KONYA
Cargo,2764,KAROLI
Cargo,2929,POLA MUROM
Cargo,2934,POLA UGLICH
Cargo,3062,ANGORA
Cargo,3162,REINBEK
Cargo,3338,KERLI
Cargo,3575,HELT
Cargo,3615,FINNKRAFT
Cargo,3636,FINNHAWK
Cargo,5107,AUTO BAY
Cargo,5396,RAMONA
Cargo,5558,FINNTIDE
Cargo,5567,FINNWAVE
Cargo,5622,FINNMILL
Cargo,5628,FINNPULP
Cargo,6046,SEAGARD
Cargo,6065,EIRA
Cargo,6220,PRIMA FORTUNA
Cargo,6223,MERI
Cargo,6500,LINDA
Cargo,37523,HELGE
Cargo,115307,MELUSINE
Cargo,117309,VICTORINE
Cargo,121733,BF CARTAGENA
Cargo,121902,X-PRESS ETNA
Cargo,122006,IDUNA
Cargo,122250,WILSON SKY
Cargo,122562,THURKUS
Cargo,122649,SOLONG
Cargo,123061,VLADIMIR
Cargo,123147,ARETHOUSA
Cargo,123222,WMS GRONINGEN
Cargo,123303,HEINRICH SCHEPERS
Cargo,123774,NORDIC HAMBURG
Cargo,124152,VARVARA
Cargo,124278,ASTRORUNNER
Cargo,124457,EMSRUNNER
Cargo,124538,BEATA
Cargo,124752,TOLLUND
Cargo,125326,BLUEBILL
Cargo,125380,PIRITA
Cargo,125721,MERITA
Cargo,130867,SELENE PRAHM
Cargo,132427,PHOENIX II
Cargo,132925,CONTAINERSHIPS 6
Cargo,144106,NORDIC PHILIP
Cargo,144628,ARK FORWARDER
Cargo,145002,CEMSOL
Cargo,145203,VITIM
Cargo,145641,RUTH
Cargo,145692,HANNA
Cargo,145926,"NAVI BALTIC"
Cargo,145981,BF FORTALEZA
Cargo,146036,MAUREEN S
Cargo,146069,SPANACO FIDELITY
Cargo,146097,WILHELM
Cargo,146140,WILSON SUND
Cargo,146336,BELBEK
Cargo,148995,BALTICA
Cargo,150545,RIG
Cargo,150705,CATHARINA SCHULTE
Cargo,151630,HENNEKE RAMBOW
Cargo,152955,WALTER HAMMANN
Cargo,153800,AMANDA
Cargo,155585,TENDER1
Cargo,155711,MAERSKMCKINNEYMOLLER
Cargo,156758,ANGLIA SEAWAYS
Cargo,157070,FREESIA SEAWAYS
Cargo,157073,BEGONIA SEAWAYS
Cargo,157110,MAGNOLIA SEAWAYS
Cargo,158628,PETUNIA SEAWAYS
Cargo,158740,PRIMULA SEAWAYS
Cargo,159287,FICARIA SEAWAYS
Cargo,159418,BIRTHE BRES
Cargo,181427,MISANA
Cargo,181730,HVITANES
Cargo,182333,TRADER BULK
Cargo,182341,SILVER PEARL
Cargo,182353,EYSTNES
Cargo,182370,"NAVEN"
Cargo,182391,HAUKUR
Cargo,182418,TIDAN
Cargo,182425,EKEN
Cargo,182428,VINGAREN
Cargo,183675,CITY OF ROME
Cargo,188849,ANINA
Cargo,188914,ADELINA D
Cargo,195991,KAREN C
Cargo,204416,STORTEBEKER
Cargo,204427,PHANTOM
Cargo,204431,SAXUM
Cargo,204546,MSC AMY
Cargo,204565,PINTA
Cargo,204772,FRI PORSGRUNN
Cargo,204901,NORDEROOG
Cargo,205264,SUEDEROOG
Cargo,205458,AMBER SPIRIT
Cargo,205520,MULTIMAR
Cargo,205553,HOOGE
Cargo,205637,LIV KRISTIN
Cargo,205767,LISTER
Cargo,205994,WYBELSUM
Cargo,206401,TRANSOSPREY
Cargo,206519,TASMAN
Cargo,206635,ARA ROTTERDAM
Cargo,212317,MSC MANDRAKI
Cargo,222305,SANDETTIE
Cargo,222372,LURO
Cargo,222824,LECKO
Cargo,226006,FREYA
Cargo,226912,HENDRIKA MARGARETHA
Cargo,231568,ENFORCER
Cargo,245589,ANJELIERSGRACHT
Cargo,246960,NJORD
Cargo,253976,FOREST
Cargo,254047,ESL AFRICA
Cargo,254064,EMOTION
Cargo,254318,TRICA
Cargo,257347,CAROLINA
Cargo,257862,SAFFIER
Cargo,258225,PRISCILLA
Cargo,258858,DINTELBORG
Cargo,259202,TINA
Cargo,259232,SKAGENBANK
Cargo,260071,DONGEBORG
Cargo,260333,SOMERSET
Cargo,262498,SLINGEBORG
Cargo,262525,SCHIEBORG
Cargo,263477,PLYCA
Cargo,263649,DIJKSGRACHT
Cargo,264274,LINGEDIJK
Cargo,265269,VICTORIABORG
Cargo,265353,FAST HERMAN
Cargo,265510,THEA MARIEKE
Cargo,265873,STEENBANK
Cargo,266600,PITZTAL
Cargo,268459,ALANA EVITA
Cargo,268899,TERSCHELLING
Cargo,270056,AMELAND
Cargo,270219,OOCL RAUMA
Cargo,270507,ADAMAS
Cargo,270798,JADE
Cargo,271828,ZEALAND BEATRIX
Cargo,278706,GRANDE EUROPA
Cargo,281227,GRANDE MEDITERRANEO
Cargo,283730,BOGDAN
Cargo,283815,ZAMOSKVORECHYE
Cargo,284471,FALKBRIS
Cargo,284882,ATLANTIC RUNNER
Cargo,285833,STRANDJA
Cargo,287761,WILSON BILBAO
Cargo,288897,KAPITAN MIRONOV
Cargo,289583,KAPITAN YAKOVLEV
Cargo,290089,UFA
Cargo,291621,"NACC TORONTO"
Cargo,300093,VIONA
Cargo,300096,AKACIA
Cargo,300118,IRIS BOLTEN
Cargo,300161,ANNAMARIE
Cargo,300168,EMILIA
Cargo,300784,KAIE
Cargo,300801,FREDERIK
Cargo,301169,BALTIYSKIY-202
Cargo,306484,KEGUMS
Cargo,307788,STAR ISFJORD
Cargo,308314,HOEGH TRIDENT
Cargo,312793,DANUBIA
Cargo,316156,SM-PRC-107
Cargo,316201,K1
Cargo,319974,VASTANVIK
Cargo,320215,GUTE
Cargo,320466,STOCKHOLM
Cargo,322616,SYLVEIA
Cargo,323355,AMANDA
Cargo,323659,JETTEN GBG STAD VA
Cargo,326821,ATLANTIC CARTIER
Cargo,326898,STENA FORERUNNER
Cargo,327250,THULELAND
Cargo,327293,FAUST
Cargo,327685,IDA H
Cargo,332129,LAVAUX
Cargo,335231,NURI SONAY
Cargo,345789,SORMOVSKIY-3055
Cargo,345797,OMSKIY-141
Cargo,346053,OMSKIY-140
Cargo,346077,SORMOVSKIY-3056
Cargo,346084,SORMOVSKIY-3058
Cargo,346106,OMSKIY-132
Cargo,346147,BALTIYSK
Cargo,346167,OMSKIY-134
Cargo,346635,SORMOVSKIY-53
Cargo,347186,SERDOLIK
Cargo,347236,NOVAYA ZEMLYA
Cargo,347415,SEVERNAYA ZEMLYA
Cargo,347509,MODULUS 2
Cargo,347528,LAZURITE
Cargo,347839,MIKHAIL LOMONOSOV
Cargo,347965,BRIN NAVOLOK
Cargo,348527,AMBAL
Cargo,348607,GEOR.POBEDONOSETS
Cargo,348769,SVYATITEL ALEKSIY
Cargo,348832,BIRYUZA
Cargo,348850,RUSICH-10
Cargo,349018,SORMOVSKIY-3068
Cargo,349963,SAMUR-3
Cargo,350158,PL 2
Cargo,350858,SORMOVSKIY 3064
Cargo,350926,IVAN SHCHEPETOV
Cargo,352321,LIVA GRETA
Cargo,352437,RIX STAR
Cargo,353499,BOTNIA SEAWAYS
Cargo,359267,HELGA
Cargo,359306,ADELE
Cargo,359354,FORSETI
Cargo,359376,MISTRAL
Cargo,359396,DORNUM
Cargo,359410,VITA
Cargo,359605,WIEBKE D
Cargo,359922,OSTEREMS
Cargo,360043,PAULINE RUSS
Cargo,360595,LISA
Cargo,361457,LISA D
Cargo,361900,MARNE
Cargo,362070,MITO STRAIT
Cargo,362313,BEKAU
Cargo,362322,ASKOE
Cargo,362369,BALDER
Cargo,362411,WILSON HOLLA
Cargo,362546,BRIGGA
Cargo,362551,FRIGGA
Cargo,362817,JSP ROVER
Cargo,362969,MARIS
Cargo,363336,FRANCISCA
Cargo,363434,BF VICTORIA
Cargo,363818,LYRA
Cargo,364158,BELIZIA
Cargo,364187,TRAVEBERG
Cargo,364258,RMS RAHM
Cargo,364394,BOREAS
Cargo,364500,CEMISLE
Cargo,364576,ICE RUNNER
Cargo,364663,FEHN POLLUX
Cargo,364743,CHRISTOPHER
Cargo,364937,BOMAR MOON
Cargo,365383,WILSON VOLOS
Cargo,365478,FEHN LIGHT
Cargo,365485,ALEXANDER B
Cargo,365628,NBP CARRIER
Cargo,365762,ANETTA
Cargo,365934,WES AMELIE
Cargo,366006,WES JANINE
Cargo,366516,VIDFOSS
Cargo,366621,SCA TUNADAL
Cargo,366725,CONMAR AVENUE
Cargo,366974,VENTURA
Cargo,368866,HOOD ISLAND
Cargo,369043,AUTUMN WAVE
Cargo,369206,DANUBE HIGHWAY
Cargo,370097,FRI OCEAN
Cargo,370244,NORDIC ACE
Cargo,370329,MINERVA
Cargo,370338,JOMI
Cargo,370709,BALTICA HAV
Cargo,370837,VALENCIA EXPRESS
Cargo,371109,MILAN EXPRESS
Cargo,372040,BBS SKY
Cargo,373303,JUNO
Cargo,373510,GREEN MALOY
Cargo,374258,DURBAN STAR
Cargo,374739,ROZTOCZE
Cargo,375298,ANDALUCIA STAR
Cargo,375318,AVELONA STAR
Cargo,375446,ICELAND CEMENT
Cargo,376153,FRI STREAM
Cargo,376495,MIKHAIL DUDIN
Cargo,377957,AGOT
Cargo,388399,GREEN ATLANTIC
Cargo,402693,GALAN
Cargo,402701,WINTER BAY
Cargo,402734,GRAND
Cargo,403087,AMATHUS
Cargo,406999,SEASTAR ENDURANCE
Cargo,411868,PACIFIC CALM
Cargo,412843,MSC MATILDE
Cargo,415711,ATROTOS HERACLES
Cargo,416514,MSC SANTHYA
Cargo,418044,MSC SABRINA
Cargo,418949,SEROJA EMPAT
Cargo,420706,NIKOLAS
Cargo,420754,NEWYORKER
Cargo,421615,SILVER FJORD
Cargo,458566,LILY-B
Cargo,459517,OCEAN RAINBOW
Cargo,461034,BLUE CHIP
Cargo,461192,KOZNITZA
Cargo,461454,ROBIN WIND
Cargo,461962,CITY OF ROTTERDAM
Cargo,463311,ALMENDRO
Cargo,465205,SANTA URSULA
Cargo,465931,OCEAN VOYAGER
Cargo,467978,LARGONA
Cargo,468082,BALTIC PRIME
Cargo,468812,SAN REMO
Cargo,469377,RUBYN
Cargo,469525,NINA 1
Cargo,547677,KNOSSOS
Cargo,674633,ASIAN VISION
Cargo,685288,GENCO RELIANCE
Cargo,686278,MAERSK NIAMEY
Cargo,687226,VICTORIA
Cargo,687849,AFRICAN CENDANA
Cargo,689205,SCHUYLER TRADER
Cargo,689765,PORT ALFRED
Cargo,691174,HEINA
Cargo,698727,FJORDVIK
Cargo,711847,LORD BYRON
Cargo,712201,GENCO THUNDER
Cargo,713818,FEDERAL SATSUKI
Cargo,713900,ICE RIVER
Cargo,714454,KYMOPOLIA
Cargo,714523,BOMAR VALOUR
Cargo,716099,LANTAU ARROW
Cargo,726008,APL MERLION
Cargo,726043,MOL QUINTET
Cargo,727807,STRATEGIC ENCOUNTER
Cargo,729384,ASIAN BREEZE
Cargo,732076,THOR INTEGRITY
Cargo,732703,IVS KITE
Cargo,732836,ADASTRA
Cargo,734035,ROJAREK NAREE
Cargo,754206,ZENIT
Cargo,754855,AMERDIJK
Cargo,754856,AALDERDIJK
Cargo,755306,AKERDIJK
Cargo,755491,ALLEGRA
Cargo,755518,USOLIE
Cargo,755883,BALTIC HEATHER
Cargo,756184,BALTIC PIONEER
Cargo,756186,BALTIC PATRIOT
Cargo,756187,BALTIC PERFORMER
Cargo,756252,OLGA
Cargo,756358,VANTAGE WAVE
Cargo,757296,YAMAL KRECHET
Cargo,757428,CALISTO
Cargo,757619,PRINCE OF WAVES
Cargo,757658,JONNI RITSCHER
Cargo,758443,ATLANTIC NAVIGATORII
Cargo,758523,INA LOTTE
Cargo,758559,PACIFIC WINTER
Cargo,758589,E.R. TALLINN
Cargo,758658,BARMBEK
Cargo,758718,PAPUA
Cargo,758759,E.R. VISBY
Cargo,758887,CHARLOTTA B
Cargo,858053,CONTAINERSHIPS VII
Cargo,948265,TANAIS
Cargo,1071570,SVISLOCH
Cargo,1914339,MSC OSCAR
Cargo,2892026,TRUE LOVE
Cargo,3350779,ASPEN
Cargo,3382564,CHAROITE
Cargo,3412946,PRINCESSE OUI
Cargo,3542150,ZHEN ZHU HAI
Cargo,3569217,ALANA
Cargo,3574326,LADY AMI
Cargo,3610791,AFRICAN GROUSE
Cargo,3711215,AFRICAN MAGNOLIA
Cargo,3917444,SAT AIS
Cargo,3919413,FEDERAL CEDAR
Cargo,4003834,AGNETHE ARCTICA
Cargo,4003835,DT BROSON
Cargo,4122562,ARION
Cargo,4133526,DELPHIS BOTHNIA
Cargo,4252519,PETER PAN
Cargo,4331405,FITTER
Cargo,4515761,BOMAR VANQUISH
Cargo,4631227,MIRVA VG
Fishing,151919,KRISTIN
Fishing,151978,VICTORIA
Fishing,154872,CHRISTINA MICHELLE
Fishing,156348,STELLA NOVA
Fishing,158315,R 355 TRINE LOUISE
Fishing,158493,STJARNVIK
Fishing,158750,R 222 BORNOE
Fishing,181857,KAPITAN GERASHCHENKO
Fishing,310529,POLAR
Fishing,310855,VASTFJORD II
Fishing,315746,WLA 108
Fishing,315753,LEB-7
Fishing,315804,HEL-111
Fishing,315805,HEL 112
Fishing,315877,KAPER-2 SG-312
Fishing,315887,WLA-307
Fishing,315889,WLA-209 BLANKA
Fishing,315901,HEL-150
Fishing,315903,HEL 23
Fishing,315907,WLA 253
Fishing,315909,WLA-13O
Fishing,315912,WLA 116
Fishing,315924,WLA-254
Fishing,315927,JAS 102
Fishing,315929,JAS-74
Fishing,315930,JAS 78
Fishing,315941,WLA-295
Fishing,315946,WLA-305
Fishing,315948,WLA310
Fishing,315950,WLA-311
Fishing,315951,WLA-312
Fishing,315959,GDA-20
Fishing,315960,GDA-18
Fishing,315968,JAS-64
Fishing,315971,WLA-291
Fishing,315979,JAS-80
Fishing,315983,WLA-184 HELOT
Fishing,315986,JAS 77
Fishing,315998,JAS 31
Fishing,316004,HEL-152
Fishing,316006,WLA-22
Fishing,316016,WLA 51
Fishing,316038,WLA-217
Fishing,316042,WLA-6
Fishing,316044,WLA-197
Fishing,316046,JAS 39
Fishing,316049,JAS-12
Fishing,316050,JAS 51
Fishing,316056,HEL-103
Fishing,316061,HEL-102
Fishing,316079,DZI-92 ATILIUS
Fishing,316083,WLA-32
Fishing,316086,JAS 76
Fishing,316093,ZAG 31
Fishing,316100,KOL-148
Fishing,316106,WLA 31
Fishing,316111,WLA-207
Fishing,316117,WLA-196
Fishing,316133,DZI 85
Fishing,316135,WLA 60
Fishing,316150,WLA 11
Fishing,316171,WLA-39
Fishing,316178,WLA182
Fishing,316187,WLA-58
Fishing,316202,WLA 80
Fishing,316212,WLA-65
Fishing,316236,WLA-67
Fishing,316237,KPT.WISNIEWSKI
Fishing,316242,ANCILLA WLA-68
Fishing,316331,KOL-143
Fishing,316334,HEL-4
Fishing,316335,KUZ-42
Fishing,316405,HEL-30
Fishing,316410,WLA-84
Fishing,316518,ZAG-21
Fishing,316599,BALTICA
Fishing,316934,FRANEK ZUBRZYCKI
Fishing,317379,ORKA WLA-139
Fishing,320059,SKAGERAK
Fishing,320479,GINNETON
Fishing,323609,GG 668 SILVER
Fishing,324190,GG451 MIA
Fishing,324232,RODSKAR GG430
Fishing,324534,GG1206 DANO
Fishing,324559,SKRAALLAN
Fishing,324714,GG102 MAUDAN
Fishing,324760,GG292 MARTINA
Fishing,325147,GG 65 CORIOLA
Fishing,325546,GG 690 VINGASAND
Fishing,325679,RON
Fishing,325703,BISCAYA GG34
Fishing,325888,SVANVIK
Fishing,326432,RUNAVIK GG 44
Fishing,326438,ALVSBORG
Fishing,326451,RANDI
Fishing,326456,DANAFJORD
Fishing,326471,VALOSKAR
Fishing,326481,TOR-ON
Fishing,326486,TORLAND
Fishing,326496,SUNNANLAND
Fishing,326700,"NAUTIC CENTER DEMO"
Fishing,326946,ROSSO
Fishing,326947,INGUN
Fishing,326950,VINGAFJORD GG-173
Fishing,326954,SVANEN
Fishing,326955,GOTTSKAR
Fishing,327052,GLITTFORS
Fishing,327056,VERA C
Fishing,327150,AHLMA
Fishing,327445,GANTHI
Fishing,327492,VASTERLAND
Fishing,327566,CLIPPERTON
Fishing,327673,CLIPPFJORD
Fishing,345582,VALERIY DZHAPARIDZE
Fishing,345587,NIVENSKOYE
Fishing,345600,ATLANTIDA
Fishing,345748,KAPITAN KRAVCHENKO
Fishing,350212,BRATYA STOYANOVY
Fishing,351078,BORIS SYROMYATNIKOV
Fishing,351087,KURSHSKAYA KOSA
Fishing,351089,LIRA
Fishing,351093,KAPITAN EDEMSKIY
Fishing,351515,NIKOLAY SOLODCHUK
Fishing,352123,KRISTINA
Fishing,352167,"NAUTILUS"
Fishing,352184,VITAS
Fishing,352203,RONDO
Fishing,352224,AGNESE
Fishing,352381,ALBATROSS
Fishing,352391,FENIKSS
Fishing,352402,JURMALA
Fishing,353098,MIKADON
Fishing,353278,DARIUS
Fishing,353285,LBB-1010
Fishing,353287,694
Fishing,353293,100
Fishing,353296,LBB 1113
Fishing,353297,LBB 1107
Fishing,353299,LBB 1032
Fishing,353302,LBB 1094
Fishing,353303,LBB 1044
Fishing,353305,LBB 1066
Fishing,353306,169
Fishing,353310,652
Fishing,353313,LBB-6931
Fishing,353315,756
Fishing,353330,ATLANT
Fishing,1105688,HEL 95
Fishing,1124170,JAS 61
Fishing,1193077,STRANNEFJORD
Fishing,1193771,SANDEFJORD
Fishing,1198107,HEL-125
Fishing,1442009,ENSKAR
Fishing,3061267,DAR-10
Fishing,3351142,BOOTES
Fishing,3351578,MARINA
Fishing,3351708,SONGVAR
Fishing,3352463,GG32 TRISTAN
Fishing,3622626,EROS AV HONO
Fishing,3701886,MARINO
Fishing,3711966,LIZ
Fishing,3780703,PL ZAG-17
Fishing,3804786,GG 38 TOVEN
Fishing,3814579,GG75 MANILL
Fishing,3862045,JAS-79
Fishing,3936535,ULRIKA
Fishing,3955261,WLA-85
Fishing,4032661,GG976 SVANFORS
Fishing,4100642,HEL-6
Fishing,4156224,STARYY ARBAT
Fishing,4190565,OCEANOGRAF
Fishing,4195618,WLA 250
Fishing,4221324,KLONDYKE
Fishing,4320524,SAIBON LL1248
Fishing,4387258,GG 391 ELISABETH
Fishing,4610570,LAGUN
Fishing,4618693,PIA-96
Fishing,4653928,GG43 ANNA
Fishing,4661124,SUJINYU00618
High Special,323857,POLIS 593790
High Special,323964,RIVO
High Special,323966,VALO
Navigation,850625,BY NP
Navigation,850632,P9 HYDRO METEO
Navigation,850641,BY HEL
Navigation,850644,BY GD
Navigation,851186,ST.-PETERSBURG PT LE
Navigation,2288508,35
Navigation,2288513,36
Passenger,149677,PRINCESS ANASTASIA
Passenger,201103,STENA BALTICA
Passenger,280027,SCOTTISH VIKING
Passenger,315695,RUBIN
Passenger,315775,AGAT
Passenger,319954,STENA DANICA
Passenger,320105,STENA VISION
Passenger,320177,ORIGO
Passenger,320298,STENA JUTLANDICA
Passenger,320546,HAMNEN
Passenger,320712,NORDO III
Passenger,320717,VESTA
Passenger,320839,ALVSNABBEN 5
Passenger,320843,ALVSNABBEN 4
Passenger,321088,ADA
Passenger,321089,BEDA
Passenger,321092,GOTA
Passenger,321093,MARIE
Passenger,321197,NYA SKARGARDEN
Passenger,321587,ARLAN
Passenger,321589,ALVSNABBEN 3
Passenger,321593,YLVA
Passenger,321595,VIPAN
Passenger,321597,SKARVEN
Passenger,321599,SILVERTARNAN
Passenger,321601,FROJA
Passenger,321641,FJORDSKAR
Passenger,321994,SVANEN WEST
Passenger,322073,ALV VIRA AV GOTEBORG
Passenger,322150,DIANA
Passenger,322167,VIVI
Passenger,322168,SVANHILD
Passenger,322185,TRUBADUREN
Passenger,323010,SILVANA
Passenger,323289,CARL MICHAEL BELLMAN
Passenger,323301,ST ERIK
Passenger,327507,STENA GERMANICA
Passenger,327562,STENA SCANDINAVICA
Passenger,347999,NIDA
Passenger,348160,MOSKVA-3
Passenger,348318,DUNAEVSKIY
Passenger,349350,VIKING HELGI
Passenger,349456,VIKING INGVAR
Passenger,353350,PATRIA SEAWAYS
Passenger,353411,OPTIMA SEAWAYS
Passenger,353525,VICTORIA SEAWAYS
Passenger,353594,REGINA SEAWAYS
Passenger,353650,ATHENA SEAWAYS
Passenger,373778,STENA SPIRIT
Passenger,376082,M/F WAWEL
Passenger,1037103,GLOMAR WAVE
Passenger,1081005,LINDA
Passenger,1085676,ULRIKA
Passenger,1088282,BURO
Passenger,1104090,POLSTJERNAN
Passenger,1155907,GOTA II
Passenger,1964978,ALVELI
Passenger,2795623,ALVFRIDA
Passenger,3351571,HAVSORNEN
Passenger,3363948,LYRON
Passenger,3795001,HAKEFJORD
Passenger,4158211,DROTT AF DYRON
Passenger,4353709,KONEVETS
Passenger,4354379,FITTER W
Passenger,4633113,TOLL
Pleasure,190564,CELESTE OF SOLENT
Pleasure,316076,LE VOYAGEUR
Pleasure,316153,CHA-10
Pleasure,316232,ANNA MARIA
Pleasure,316280,JUNA
Pleasure,316312,FILIPPO
Pleasure,316404,KAPITAN BORCHARDT
Pleasure,316468,ORKA HEL
Pleasure,316482,WYSPA SZCZESCIA
Pleasure,316513,MAGNUS ZAREMBA
Pleasure,316558,ANKAWER IV
Pleasure,316664,DAR MLODZIEZY
Pleasure,317163,ZAWISZA CZARNY
Pleasure,317205,MUSASHI M
Pleasure,319865,FURUNO SVERIGE AB
Pleasure,320210,WALONA
Pleasure,321183,EAGLE
Pleasure,321669,"NAWICA TRAINING SHIP"
Pleasure,321697,CHESS ARCONA400
Pleasure,321701,EXTREMARIUM
Pleasure,321727,MANDALAY
Pleasure,321786,PIMPIM
Pleasure,322000,PENTA 80
Pleasure,322393,KRISTINA 5
Pleasure,322451,SEA WIND
Pleasure,322667,ATLANTICA
Pleasure,322861,SAXKRAN NR 2
Pleasure,322884,HARMONIE II
Pleasure,323000,OM II AF GOTEBORG
Pleasure,323198,TOOTIKI
Pleasure,323258,EBBA HARD
Pleasure,323271,EMM XXIII M23
Pleasure,323316,LA DOLCE VITA
Pleasure,323838,YANIKI IV
Pleasure,323930,MARY SWE
Pleasure,324024,MARISSA
Pleasure,324029,GISELE
Pleasure,324125,FLORO/HAMBURGSUND
Pleasure,324477,JEWEL
Pleasure,324603,LOUISE
Pleasure,324703,ISADORA
Pleasure,324986,AQUILA
Pleasure,324990,PAULA
Pleasure,325042,HIFLYER
Pleasure,325070,BLUE ADVENTURE
Pleasure,325291,PENTA 60
Pleasure,325635,PENTA 81
Pleasure,325995,STORMFAGEL
Pleasure,326015,MARELD
Pleasure,326054,GREAT ESCAPE
Pleasure,326371,BMJ WINDY 37
Pleasure,326697,WWW.SSBILBEHOR.SE
Pleasure,345293,MIR
Pleasure,345607,KRUZENSHTERN
Pleasure,351018,SEDOV
Pleasure,353451,BRABANDER
Pleasure,1181634,BARRAKUDA
Pleasure,2208737,"NATALIA B"
Pleasure,3110501,JOKER
Pleasure,3498025,ARKUN
Pleasure,3511277,NOROY
Pleasure,3534813,BEDA
Pleasure,3679722,TARNTANK TEKNIK
Pleasure,3689951,LADY H
Pleasure,3900094,PIORUN
Pleasure,3967129,TINDRA
Pleasure,4041669,HYDROMET
Pleasure,4068490,TINDRA
Pleasure,4096146,LADY
Pleasure,4187538,LILIAN101
Pleasure,4194704,SEA BIRD
Pleasure,4201085,TRIPLE ESS
Pleasure,4234809,LT-12465
Pleasure,4316815,FITTER WORKSHOP
Pleasure,4325014,EMPATIA POLSKA
Pleasure,4449805,MUCKLE FLUGGA
Pleasure,4450061,ANNABELLA
Pleasure,4512547,DT SUPPLY
Pleasure,4561378,DAISY
Pleasure,4589812,KAXE
Pleasure,4611368,ATHENA
Pleasure,4691561,VIKING
Pleasure,4702404,CARUZZI
Pleasure,4704897,EUPHORIA
Tanker,1960,PALLAS GLORY
Tanker,2968,FURE FLADEN
Tanker,3049,BESIKTAS ICELAND
Tanker,6333,BALTICO
Tanker,6338,BONITO
Tanker,6349,SUULA
Tanker,118748,WAASMUNSTER
Tanker,124420,LEENI
Tanker,124748,KAPRIFOL
Tanker,134088,SEALING
Tanker,142957,PATRICIA ESSBERGER
Tanker,144450,BALTIC AMBITION
Tanker,148345,TEKOS
Tanker,149302,SEAEMPRESS
Tanker,149310,MURRAY STAR
Tanker,151751,SEAMARLIN
Tanker,152647,SEABASS
Tanker,154769,SCANDINAVIA
Tanker,155229,TARNBRIS
Tanker,155712,PACIFIC
Tanker,156111,TERNVAG
Tanker,156114,TERNHAV
Tanker,156246,MARINUS
Tanker,156323,LEXUS
Tanker,156373,SCORPIUS
Tanker,157040,"NAUTILUS"
Tanker,157057,NEPTUNUS
Tanker,157062,NIMBUS
Tanker,158394,HANNE THERESA
Tanker,159543,SELANDIA SWAN
Tanker,159701,AALBORG
Tanker,159706,COPENHAGEN
Tanker,181746,VINGA SAFIR
Tanker,182321,NORTHERN OCEAN
Tanker,182351,FURE NORD
Tanker,188790,GIJON KNUTSEN
Tanker,191974,HELENA KOSAN
Tanker,192887,CPO GERMANY
Tanker,197150,MARIE KIRK
Tanker,200327,BIRGIT KNUTSEN
Tanker,204253,KEY BREEZE
Tanker,204358,BOTHNIA
Tanker,204384,ORAMALIA
Tanker,205790,KEY BORA
Tanker,205932,KEY FJORD
Tanker,205940,KEY BAY
Tanker,206618,ORAKAI
Tanker,206630,KATELINA
Tanker,212572,EURONIKE
Tanker,213558,MINERVA GEORGIA
Tanker,214595,MINERVA ALICE
Tanker,223660,THUN GALAXY
Tanker,251928,CORAL STICHO
Tanker,257926,AIGRAN D
Tanker,259111,WISBY VERITY
Tanker,260019,STAR CURACAO
Tanker,263501,THUN GLORY
Tanker,263683,CORAL MEANDRA
Tanker,272139,PRINS MAURITS
Tanker,279287,INDIAN POINT
Tanker,279934,PROCIDA
Tanker,283840,AMUR STAR
Tanker,285899,UMAR1
Tanker,286668,TRANS FJELL
Tanker,288123,PATRICIA
Tanker,288159,PATANI
Tanker,288246,BESIKTAS HALLAND
Tanker,290098,VENERE
Tanker,299816,LUKE
Tanker,301374,MARY A
Tanker,301875,BALTIC FROST
Tanker,302841,B GAS CHAMPION
Tanker,304547,SOLSTRAUM
Tanker,305383,NORTHERN KATTEGAT
Tanker,306293,CLIPPER HARALD
Tanker,306746,EK-STAR
Tanker,309724,XANTHIA
Tanker,312941,EKEN
Tanker,314533,EKFORS
Tanker,315687,HALICZ
Tanker,315728,PORONIEC
Tanker,316923,ROMANKA
Tanker,321687,TANKSKAR
Tanker,322235,FRAM
Tanker,322954,FOX LUNA
Tanker,326111,OLJAREN
Tanker,326491,PROSPERO
Tanker,326598,ANGON
Tanker,327030,RAMONA
Tanker,327147,FOX SUNRISE
Tanker,327175,NORDEN
Tanker,327198,DANA
Tanker,327475,WISBY WAVE
Tanker,345788,TAYMEN
Tanker,346002,KOLA
Tanker,346022,AURA
Tanker,346191,ABIGAIL
Tanker,346219,ANGARA
Tanker,347062,SULA
Tanker,347165,VALERIY ZELENKO
Tanker,347195,GAZPROMNEFT WEST
Tanker,347280,GAZPROMNEFT EAST
Tanker,347417,FREYA
Tanker,347421,BALTIC EAGLE
Tanker,347645,DEYMA
Tanker,347661,SCF PECHORA
Tanker,347703,NEMAN
Tanker,347754,RAMAVA
Tanker,348075,LOYA
Tanker,348134,NIMBUS SPB
Tanker,348139,FLANDRIYA
Tanker,348222,ALEKSANDR GLUKHOV
Tanker,348379,BERGEN T
Tanker,348465,ALANA
Tanker,348540,GAZPROMNEFT NORDWEST
Tanker,348798,GAZPROMNEFT NORD
Tanker,348898,SALTSTRAUM
Tanker,348904,PEGAS
Tanker,349836,SESKAR
Tanker,349912,DMITRIY RULEVSKIY
Tanker,349961,NEVA LUX
Tanker,350015,VELTA
Tanker,350056,"NARVA"
Tanker,350118,SBORSHCHIK-3
Tanker,350220,BALTIC SEAGULL
Tanker,350395,ECOMAR
Tanker,350589,DON
Tanker,350706,"NATALIJA GONCHAROVA"
Tanker,350723,SEVERYANKA
Tanker,350965,ELAND
Tanker,350976,GOGLAND
Tanker,351041,KAP.PONIKAROVSKIY
Tanker,351098,ARIES
Tanker,352344,GRUMANT
Tanker,360219,MOZART
Tanker,369217,DAVINO D
Tanker,375114,GRENA KNUTSEN
Tanker,375160,GAS GALAXY
Tanker,377745,ZAPADNYY
Tanker,402746,ASTERDEA
Tanker,687940,JOAN
Tanker,712156,UZAVA
Tanker,712443,SONGA SAPPHIRE
Tanker,712924,"NAVIG8 STRENGTH"
Tanker,713084,"NAVIG8 UNIVERSE"
Tanker,725648,ELISALEX SCHULTE
Tanker,726727,INDEPENDENCE
Tanker,728871,TRANS HOLM
Tanker,732780,JS CHUKAR
Tanker,737998,AMARANTH
Tanker,753672,SCF BALTICA
Tanker,755563,SAKURA PRINCESS
Tanker,756074,CORAL LACERA
Tanker,756194,GREEN PLANET
Tanker,760531,SAMRAA ALKHALEEJ
Tanker,858023,NORDIC NORA
Tanker,993606,ECO GREEN
Tanker,1036966,AGATH
Tanker,1247749,ACQUAMARINA
Tanker,2059154,MIDVOLGA-3
Tanker,2420192,KEILA
Tanker,3310363,SBORSCHIK-1
Tanker,3350965,THUN GOTHENBURG
Tanker,3362218,CLIPPER JUPITER
Tanker,3424242,DELFIN
Tanker,3540301,SKAT
Tanker,3615006,NISSOS SCHINOUSSA
Tanker,3616939,HAFNIA SUNDA
Tanker,3711400,HAFNIA SOYA
Tanker,3809370,ZANA
Tanker,3811364,RONDO
Tanker,3829008,SLV-415
Tanker,4028143,POLA
Tanker,4109380,MUDYU
Tanker,4709602,VOVAN
Tug,2962,BOA BISON
Tug,5381,AURA
Tug,73528,SAR 111261105
Tug,73551,SAR 111265121
Tug,122557,HUGIN EXPLORER
Tug,123296,DUKE 2
Tug,124887,PETER THE GREAT
Tug,125418,MERITUS
Tug,126010,CRESTWAY
Tug,155138,SUPPLIER
Tug,182358,FRANKLIN
Tug,182374,BOB
Tug,182384,SVITZER ODEN
Tug,182387,SVITZER TYR
Tug,182431,SVITZER GAIA
Tug,182435,SVITZER GEO
Tug,184318,DC OSTEND
Tug,196066,BOA ODIN
Tug,201104,EILEEN MCLOUGHLIN
Tug,201975,MEWO NAVIGATOR
Tug,262503,TIDEWAY ROLLINGSTONE
Tug,269768,SEA GOLF
Tug,273075,NERO
Tug,284483,OPAL
Tug,297208,MARIEKE
Tug,297592,JAMES COOK
Tug,299445,FROG RANA
Tug,304819,RESCUE BERGESEN D.Y
Tug,307368,RESCUE B. RASMUSSEN
Tug,313641,BESS
Tug,315660,MAJA
Tug,315661,TYTAN
Tug,315663,OCEANIA
Tug,315672,ARES
Tug,315676,AGIS
Tug,315677,ARGO
Tug,315679,AJAKS
Tug,315703,PILOT-3
Tug,315705,PILOT-5
Tug,315719,TUCANA
Tug,315726,ODISSEY
Tug,315731,ODYS
Tug,315739,IKAR
Tug,315755,INZ. ST. LEGOWSKI
Tug,315812,SM PRC 112
Tug,315816,SM PRC 105
Tug,315820,SM PRC 108
Tug,315824,SMPRC110
Tug,315864,KOL-48
Tug,315869,TAURUS
Tug,315892,WIATR
Tug,315932,NEPTUN W
Tug,316051,PILOT 20
Tug,316052,PILOT21
Tug,316141,HYDROGRAF 10
Tug,316174,CENTAUR II
Tug,316203,KOL-110
Tug,316243,R-20
Tug,316265,KONTROLER 19
Tug,316291,ZAG-27
Tug,316480,FAIRPLAY VII
Tug,316649,KAPITAN POINC
Tug,316722,BIZON-O-158
Tug,316784,WEZYR 1
Tug,316904,ZODIAK
Tug,316950,ZEUS
Tug,316954,HORYZONT II
Tug,316969,ORP BALTYK
Tug,316974,ORP CZERNICKI
Tug,316982,ORP ZBYSZKO
Tug,316983,ORP MACKO
Tug,317044,ORP ARCTOWSKI
Tug,317046,HEWELIUSZ
Tug,317048,ORP FLAMING
Tug,317050,WDZYDZE
Tug,317140,BRYZA
Tug,317143,ORP BIELIK
Tug,317202,IMOR
Tug,317353,VIRTUS
Tug,317395,R3
Tug,317421,AKUL
Tug,319754,SJOEBEFAELSSKOLAN
Tug,320572,PILOT 729 SE
Tug,320704,KBV 490
Tug,320737,PILOT 746 SE
Tug,320738,PILOT 745 SE
Tug,320875,PILOT 115 SE
Tug,320905,KBV 048
Tug,321076,ALVBJORN
Tug,321277,RESCUE LARS LINDFELT
Tug,321341,RESCUE MARTA COLLIN
Tug,321723,POLSTJARNAN IV
Tug,321978,POLIS 59-3720
Tug,322279,INGEMAR
Tug,322333,RESCUE LIVBOJEN
Tug,322772,KBV 475
Tug,322891,SJOGRIP
Tug,322974,RESCUE HANS LAURIN
Tug,323064,CRUM
Tug,323624,BATMAN 7
Tug,323833,ASKHOLMEN
Tug,323975,DIRTY
Tug,324200,SOUND PROVIDER
Tug,324288,GOTE II
Tug,324459,11-00
Tug,324465,SEACURE
Tug,324466,FATBOY
Tug,324470,BOATMAN 9
Tug,324664,KBV 316
Tug,325071,POLIS 59-3780
Tug,325269,RESCUE MARIANNE BRAT
Tug,325770,GKSS-ONLINE
Tug,326263,TOFTE
Tug,326702,OCKERO MARITIME 1
Tug,326703,OCKERO MARITIME 2
Tug,326735,K10
Tug,327132,GOTHEBORG
Tug,327374,KBV 001
Tug,327375,KBV 497
Tug,327376,KBV 494
Tug,327464,ICEBEAM
Tug,327518,KBV 032
Tug,327678,BISON
Tug,327745,U/F ASTERIX
Tug,345244,SEMYON DEZHNEV
Tug,345254,SAT AIS
Tug,345265,KAPITAN MARTYSHKIN
Tug,345268,KAPITAN NIKOLAEV
Tug,345312,KAPITAN SOROKIN
Tug,345344,ERMAK
Tug,345825,GRIFON 5
Tug,346012,VIKHREVOY
Tug,346047,MOSCHNYI
Tug,346057,KAPITAN PLAKHIN
Tug,346151,TYPHOON
Tug,346160,TARNIKA
Tug,346161,GRIFON 3
Tug,346208,TORNADO
Tug,346242,LOTSMAN-3
Tug,346266,AKMAL
Tug,346688,PIONER
Tug,346905,TAYFUN
Tug,346998,BREST
Tug,347019,KONSTANTIN
Tug,347042,GRIFON7
Tug,347050,SIGULDA
Tug,347113,TORNADO
Tug,347124,SKRUNDA
Tug,347204,ALEXANDR UVAROV
Tug,347225,SANKT-PETERBURG
Tug,347678,NEVSKAYA ZASTAVA
Tug,347718,ARKTUR
Tug,347749,KUBAN
Tug,347790,ORION
Tug,347828,KOMMUNAR
Tug,347948,LIGER
Tug,348105,KENDRICK
Tug,348371,GLANFORD
Tug,348411,GLADIUS
Tug,348645,DMITRY SIROTKIN
Tug,348785,ELENA
Tug,349774,NEFTEGAZ-31
Tug,349945,LOTSMAN SARZHIN
Tug,349997,YASNYY
Tug,350026,BALTIETS
Tug,350197,SPK-1DMAG
Tug,350211,GIBRALTAR
Tug,350301,REUSHINKA
Tug,350500,MOSCHNIY
Tug,350501,ZORKIY
Tug,350530,MERKURIY
Tug,350538,MUSON
Tug,350631,URAN
Tug,350675,KARU
Tug,350708,KAPITAN ZARUBIN
Tug,350882,LOTSMAN FEDOROV
Tug,350901,PROFESSOR LOGACHEV
Tug,350925,AKADEMIK KARPINSKIY
Tug,350957,BGK-326 RIF
Tug,351012,BOGATYR 4
Tug,351107,RB-394
Tug,351119,RB-395
Tug,351132,RB-20
Tug,351699,MUDYUG
Tug,352928,VEGA
Tug,353182,SMILTE PILOT
Tug,353212,LTU SAR SHIP SAKIAI
Tug,353260,TAK-4
Tug,353342,PILOT DANGE
Tug,353357,TAK-9
Tug,353365,MINGE
Tug,353471,KLASCO1
Tug,353534,TAK-6
Tug,353536,KLASCO2
Tug,353542,MUSHA
Tug,353563,SOLL TENGIZ
Tug,353576,JURINIS
Tug,353587,VEJUNAS
Tug,353626,PELICAN
Tug,353637,LOTAS
Tug,353649,NZ55
Tug,365512,FAIRPLAY-26
Tug,403149,POSEIDON I
Tug,466414,GRANIT
Tug,466553,APHRODITE I
Tug,467633,BAZALT
Tug,468665,SERVAL
Tug,752901,SEVEN OSPREY
Tug,753262,SYLUR
Tug,754816,ERRIE
Tug,835353,M/S ALO
Tug,878185,OLEG STRASHNOV
Tug,917997,FAIRPLAY IV
Tug,941191,SERWAL
Tug,987831,SVIR
Tug,994590,KLASCO-3
Tug,1039931,LOOKMAN
Tug,1072314,SAR 111265582
Tug,1123136,PILOT 218 SE
Tug,1351934,MINTIS
Tug,1414412,RB-413
Tug,1611958,GRIPHON 8
Tug,2312999,FROG TAURUS
Tug,3423103,BJONN
Tug,3434115,BOA JARL
Tug,3434504,SZTORM
Tug,3467126,SSMB 2222 RAKETEN
Tug,3483512,TAK-10
Tug,3484933,A.BARAUSKAS
Tug,3501289,TAK-11
Tug,3532420,"NADEZHDA"
Tug,3560489,MB-96
Tug,3562991,VLADIVOSTOK
Tug,3586959,GLADIATOR
Tug,3611326,MURMANSK
Tug,3653787,ARGO
Tug,3656084,"NATO WARSHIP M53"
Tug,3722773,VAKARIS
Tug,3724655,BOATMAN 1
Tug,3751563,T-2
Tug,3792435,CHARLIE
Tug,3802847,RESCUER AMBULANCE
Tug,3803160,MB97
Tug,3813464,T-3
Tug,3851201,STRAZAK 6
Tug,3921875,KOZIOROZEC-O-01
Tug,3945110,SOUND SURVEYOR
Tug,3964252,VODOLAZ GRITSAY
Tug,3975455,SPK-49150
Tug,4002191,BUMER
Tug,4014323,KOL-149
Tug,4109127,SNOKEN
Tug,4125527,RRRRGSDGSD
Tug,4157948,ELBRUS
Tug,4180748,KAMBR
Tug,4200884,ORP KORMORAN
Tug,4249081,"NADEZHNIY"
Tug,4387771,HERKULES
Tug,4645311,YASNYY
Tug,4667808,RESCUE 8-45
Tug,4677206,FORTUNA
Tug,4689892,REDUT
Tug,4710387,TRELLE
Tug,5413612163586,[SAT-AIS]
Tug,17615339618152,[SAT-AIS]
Tug,35416564857354,[SAT-AIS]
Tug,41246668446937,[SAT-AIS]
Tug,65875629977817,[SAT-AIS]
Tug,74296936982416,[SAT-AIS]
Tug,147668738471321,[SAT-AIS]
Tug,156678218822212,[SAT-AIS]
Tug,167283675493369,[SAT-AIS]
Tug,181566749936762,[SAT-AIS]
Tug,184756139473268,[SAT-AIS]
Tug,195415142469447,[SAT-AIS]
Tug,217284873986699,[SAT-AIS]
Tug,252669123725536,[SAT-AIS]
Tug,261471966511263,[SAT-AIS]
Tug,266896913553197,[SAT-AIS]
Tug,267896656482679,[SAT-AIS]
Tug,269849479284739,[SAT-AIS]
Tug,286611366271532,[SAT-AIS]
Unspecified,23788,VTS HEL
Unspecified,23846,VTS 2614900
Unspecified,24030,VTS GAOTEBORG
Unspecified,24344,VTS BALTIYSK
Unspecified,24345,VTS 2734463
Unspecified,24366,VTS 2734488
Unspecified,24369,VTS 2734492
Unspecified,24468,VTS KLAIPEDA
Unspecified,24473,VTS 2770110
Unspecified,194104,TAMINA SPIRIT
Unspecified,316546,KONTROLER 20
Unspecified,316798,KRYSTYNA
Unspecified,320779,SOUND CASTOR
Unspecified,322687,NILS
Unspecified,322952,SENSOR
Unspecified,323091,0
Unspecified,323787,FROG CYGNUS
Unspecified,326642,STORMCO
Unspecified,326665,RAMANTENN
Unspecified,344835,TEST-0192
Unspecified,346646,JIYA
Unspecified,347868,SPK-25
Unspecified,348771,VEGA
Unspecified,351136,RB-27
Unspecified,850637,BY ZS
Unspecified,1064825,KAPITAN BELYAEV
Unspecified,1257951,BARSWEEP ONE
Unspecified,3352580,FULDA
Unspecified,3481171,NORTHERN WIND
Unspecified,4342553,PURE ORANGE
Unspecified,4497263,TST12
Unspecified,4615138,SVITZER RAN
Unspecified,4666609,BLACKPEARL 7.6V
Unspecified,4674280,261535003
